{
  "num_samples": 200,
  "rng_seed": 42,
  "position_error_mean": 2.8433707997145846e-16,
  "position_error_max": 5.688200336284365e-16,
  "rotation_error_mean": 1.2312966825574428e-15,
  "rotation_error_max": 1.9247646196413958e-15,
  "jacobian_error_mean": 5.404075221602537e-16,
  "jacobian_error_max": 1.0649588077553634e-15,
  "worst_position_theta": [
    -1.4516062389509787,
    -0.08014141889591775,
    3.1150036158631784,
    1.3447191727857724,
    1.3930206566457448,
    -0.7151614958062007
  ],
  "worst_rotation_theta": [
    -1.6321817991527448,
    -1.9515923028362492,
    2.284930606971091,
    -0.519172960640208,
    0.15268777177554135,
    -0.3968516052369453
  ],
  "worst_jacobian_theta": [
    -1.4516062389509787,
    -0.08014141889591775,
    3.1150036158631784,
    1.3447191727857724,
    1.3930206566457448,
    -0.7151614958062007
  ]
}